url,name,address,city,state,phone
https://www.labarrandlabarr.com/,Results,"îƒˆ467 N Keystone Ave, Sayre, PA 18840",Sayre,PA,î‚°(570) 888-2359
http://totaltaxpros.com/,Results,"îƒˆ2369 Elmira St, Sayre, PA 18840",Sayre,PA,î‚°(570) 888-3966
https://freedomfinancialtax.com/,Results,"îƒˆ119 W Packer Ave Suite 3, Sayre, PA 18840",Sayre,PA,î‚°(866) 401-1090
https://deestax59.com/,Results,"îƒˆ203 South St suite a, Athens, PA 18810",Athens,PA,î‚°(570) 886-8030
https://www.hrblock.com/tax-office-near-me/pennsylvania/sayre/37999/?otppartnerid=9308&campaignid=pw_mcm_9308_9762&utm_medium=local,Results,"îƒˆ133 S Keystone Ave, Sayre, PA 18840",Sayre,PA,î‚°(570) 888-7767
https://www.stonehousetaxandbusiness.com/optin-527788731642623014168,Results,"îƒˆ140 Golden Mile Rd #6, Towanda, PA 18848",Towanda,PA,î‚°(570) 265-8829
http://abramsandagnellino.com/,Results,"îƒˆ120 S Keystone Ave, Sayre, PA 18840",Sayre,PA,î‚°(570) 888-6786
http://northbranchfinancial.com/,Results,"îƒˆ325 N Keystone Ave, Sayre, PA 18840",Sayre,PA,î‚°(570) 888-9922
http://www.hughesnotaryservice.com/,Results,"îƒˆ706 S Lehigh Ave, Sayre, PA 18840",Sayre,PA,î‚°(570) 888-2225
http://www.totaltaxpros.com/,Results,"îƒˆ519 Main St, Towanda, PA 18848",Towanda,PA,î‚°(570) 268-0989
http://www.lrlawyers.com/,Results,"îƒˆ228 Desmond St, Sayre, PA 18840",Sayre,PA,î‚°(570) 888-7753
https://www.stonehouseretire.com/,Results,"îƒˆ107 S Elmer Ave, Sayre, PA 18840",Sayre,PA,î‚°(570) 890-2827
http://www.thedunngroup.com/,Results,"îƒˆ1754 Elmira St, Sayre, PA 18840",Sayre,PA,î‚°(844) 386-6477
https://www.encyro.com/securefileupload,Results,"îƒˆ4610 US-220, New Albany, PA 18833",New Albany,PA,î‚°(570) 363-2953
https://zelbookkeeping.com/,Results,,Sayre,PA,î‚°(570) 423-3757
https://office.jacksonhewitt.com/tax-preparation-services-locations/en/pa/sayre/460-n-keystone/10208?utm_source=google&utm_medium=local&utm_campaign=local&utm_content=10208,Results,"îƒˆ460 N Keystone Ave, Sayre, PA 18840",Sayre,PA,î‚°(570) 263-4129
